survey_id,ticket_id,survey_sent_date,response_date,csat_score
SUR00001,INC00637,2026-05-30 15:59:53.183837,2026-06-01 02:56:57.795926,5
SUR00002,INC00684,2026-07-27 23:31:47.526687,2026-07-30 20:46:28.570895,3
SUR00003,INC01034,2026-06-13 04:40:35.297523,2026-06-13 21:33:17.903967,3
SUR00004,INC00191,2026-06-07 20:49:29.065269,2026-06-08 22:36:44.406362,4
SUR00005,INC01084,2026-08-25 06:39:13.460116,2026-08-28 19:11:12.235010,5
SUR00006,INC00284,2026-03-13 14:14:13.580653,2026-03-14 02:34:02.357803,4
SUR00007,INC00818,2026-04-28 03:41:48.171572,2026-05-01 23:03:08.132631,5
SUR00008,INC00315,2026-07-07 13:52:50.775035,2026-07-10 00:51:39.382497,4
SUR00009,INC00538,2026-03-08 04:29:40.653192,2026-03-11 15:36:33.026636,5
SUR00010,INC00665,2026-03-21 12:30:54.675236,2026-03-22 11:38:49.141460,4
SUR00011,INC00240,2026-08-26 09:58:11.714415,2026-08-28 02:40:32.450798,5
SUR00012,INC00136,2026-07-29 05:19:23.498185,2026-07-31 02:30:02.289116,4
SUR00013,INC00336,2026-04-14 16:25:34.227598,2026-04-17 03:23:05.514105,4
SUR00014,INC00190,2026-06-08 18:53:02.018431,2026-06-09 22:05:28.184448,5
SUR00015,INC00839,2026-04-23 19:37:20.618897,2026-04-25 16:03:45.597290,4
SUR00016,INC00322,2026-03-16 06:54:21.500735,2026-03-17 05:18:42.215117,4
SUR00017,INC01147,2026-04-29 15:09:14.694493,2026-05-01 08:11:17.738094,5
SUR00018,INC00229,2026-05-08 19:39:49.735246,2026-05-10 16:04:55.029291,3
SUR00019,INC00481,2026-06-26 22:00:24.476563,2026-06-27 19:27:27.806218,3
SUR00020,INC01044,2026-07-10 23:46:02.164071,2026-07-13 00:46:40.258991,3
SUR00021,INC01007,2026-06-03 16:59:30.036142,2026-06-05 23:41:57.056019,4
SUR00022,INC00307,2026-04-29 02:31:25.013894,2026-05-02 08:48:28.751458,5
SUR00023,INC01093,2026-05-15 20:57:10.945845,2026-05-16 12:04:34.844398,3
SUR00024,INC00569,2026-03-06 11:07:17.186612,2026-03-07 19:59:18.791427,4
SUR00025,INC00221,2026-06-11 00:39:15.573994,2026-06-13 21:30:14.622418,4
SUR00026,INC00832,2026-08-11 07:55:34.392182,2026-08-14 13:58:10.991421,4
SUR00027,INC00582,2026-08-23 15:42:03.018943,2026-08-26 02:50:33.778706,5
SUR00028,INC00199,2026-04-20 00:58:31.858735,2026-04-20 11:30:47.013106,3
SUR00029,INC00917,2026-05-22 11:12:11.674266,2026-05-23 07:12:19.888827,4
SUR00030,INC00456,2026-08-11 12:46:57.255581,2026-08-11 16:18:44.340980,4
SUR00031,INC01155,2026-08-14 21:58:47.145413,2026-08-17 09:04:43.862947,4
SUR00032,INC01160,2026-06-11 12:29:10.727616,2026-06-13 20:33:24.139478,5
SUR00033,INC01071,2026-04-11 03:19:45.715148,2026-04-14 11:15:56.015090,4
SUR00034,INC00709,2026-05-05 01:11:40.913280,2026-05-07 02:48:30.626822,4
SUR00035,INC00066,2026-05-04 08:15:18.930642,2026-05-06 09:45:23.674694,5
SUR00036,INC00212,2026-06-14 20:04:06.480532,2026-06-16 01:33:55.681163,4
SUR00037,INC00549,2026-03-31 11:40:30.582751,2026-04-02 06:00:14.989730,5
SUR00038,INC01065,2026-04-25 05:55:18.758278,2026-04-27 06:43:15.561994,5
SUR00039,INC00985,2026-03-24 02:35:20.477661,2026-03-27 03:31:55.819491,4
SUR00040,INC00160,2026-03-28 22:02:44.028124,2026-03-31 20:15:05.379901,3
SUR00041,INC00431,2026-04-24 02:39:12.950052,2026-04-25 01:09:13.257584,3
SUR00042,INC00485,2026-08-11 09:08:33.117449,2026-08-14 09:07:06.576004,4
SUR00043,INC00050,2026-07-11 23:12:43.582537,2026-07-13 20:07:19.853285,3
SUR00044,INC00082,2026-06-11 20:30:21.426648,2026-06-12 06:23:32.324051,4
SUR00045,INC00642,2026-08-21 15:08:57.569728,2026-08-24 00:50:37.943675,3
SUR00046,INC00590,2026-06-08 01:16:10.525720,2026-06-08 08:43:03.648834,5
SUR00047,INC00624,2026-06-08 10:11:03.246918,2026-06-10 11:49:40.260542,4
SUR00048,INC01061,2026-07-19 02:59:32.796558,2026-07-19 21:38:19.666251,5
SUR00049,INC00614,2026-04-26 09:16:57.756419,2026-04-29 19:40:29.656803,4
SUR00050,INC00348,2026-05-07 21:01:45.907468,2026-05-09 21:28:08.430768,4
SUR00051,INC01018,2026-07-08 06:35:32.633167,2026-07-10 23:49:56.797445,5
SUR00052,INC00332,2026-03-04 22:43:34.029862,2026-03-08 04:23:26.681415,4
SUR00053,INC00640,2026-08-30 08:30:28.115393,2026-08-30 22:48:43.088912,4
SUR00054,INC00249,2026-08-20 05:47:02.524373,2026-08-21 08:49:25.955444,4
SUR00055,INC00436,2026-04-19 13:00:40.866675,2026-04-21 05:55:09.894241,2
SUR00056,INC00825,2026-07-27 04:47:34.365533,2026-07-30 15:29:28.705394,5
SUR00057,INC00548,2026-06-25 04:51:09.542078,2026-06-27 20:55:17.459086,2
SUR00058,INC00409,2026-04-20 14:08:18.259407,2026-04-23 13:04:33.146940,5
SUR00059,INC00341,2026-08-26 03:16:52.024888,2026-08-28 20:13:22.180741,5
SUR00060,INC01025,2026-05-12 17:19:28.794183,2026-05-14 09:29:48.537452,4
SUR00061,INC00568,2026-07-14 07:50:14.032441,2026-07-16 09:40:15.265361,4
SUR00062,INC00281,2026-03-12 15:57:48.154960,2026-03-13 18:32:12.912994,4
SUR00063,INC00187,2026-03-07 12:47:41.842027,2026-03-11 12:02:51.543075,5
SUR00064,INC00799,2026-04-24 22:46:36.872776,2026-04-28 01:02:55.289432,5
SUR00065,INC00149,2026-04-25 23:30:51.239945,2026-04-26 13:25:07.392014,2
SUR00066,INC00321,2026-04-08 19:48:38.424723,2026-04-10 06:37:16.233197,3
SUR00067,INC00913,2026-05-06 02:28:36.564892,2026-05-08 23:16:07.109669,3
SUR00068,INC00968,2026-03-09 08:02:06.929231,2026-03-10 18:28:16.743377,5
SUR00069,INC00931,2026-07-24 10:41:19.688117,2026-07-28 10:00:54.916607,4
SUR00070,INC01077,2026-07-23 13:48:33.274395,2026-07-24 23:00:15.045062,5
SUR00071,INC00351,2026-04-27 08:51:50.184853,2026-04-28 11:47:51.771904,4
SUR00072,INC00820,2026-05-14 05:41:33.496664,2026-05-16 07:58:20.732673,1
SUR00073,INC00535,2026-03-27 03:09:24.200323,2026-03-27 09:28:36.217831,5
SUR00074,INC01117,2026-07-29 00:00:58.705138,2026-07-29 07:01:03.161257,4
SUR00075,INC00028,2026-08-13 05:40:07.314825,2026-08-16 15:58:06.455542,5
SUR00076,INC01024,2026-03-30 06:01:12.636844,2026-04-02 04:58:40.548677,4
SUR00077,INC00143,2026-06-25 00:40:11.390848,2026-06-27 16:35:00.714914,4
SUR00078,INC00289,2026-04-24 05:40:27.048662,2026-04-26 04:05:38.063860,4
SUR00079,INC00846,2026-07-06 13:06:50.404121,2026-07-09 08:04:52.512316,4
SUR00080,INC00440,2026-08-29 00:33:50.221467,2026-08-29 09:00:01.001153,4
SUR00081,INC01027,2026-08-20 11:02:09.790419,2026-08-22 23:39:28.843748,5
SUR00082,INC00530,2026-06-24 01:03:41.079933,2026-06-26 13:05:01.876639,3
SUR00083,INC00134,2026-04-10 10:10:12.355614,2026-04-13 05:38:36.940415,5
SUR00084,INC00474,2026-06-02 18:36:38.960962,2026-06-04 05:47:34.690526,3
SUR00085,INC00594,2026-03-05 21:16:13.471078,2026-03-06 12:12:37.642178,4
SUR00086,INC00202,2026-03-17 18:34:37.890300,2026-03-18 17:02:08.442670,4
SUR00087,INC00651,2026-07-16 11:38:12.260100,2026-07-18 07:29:36.594576,4
SUR00088,INC00889,2026-04-15 15:55:21.250003,2026-04-18 10:52:43.079190,4
SUR00089,INC00633,2026-03-22 07:28:57.423876,2026-03-25 03:13:34.902615,4
SUR00090,INC00522,2026-06-02 12:39:10.790607,2026-06-05 20:54:29.165357,4
SUR00091,INC01011,2026-03-17 15:23:25.608752,2026-03-19 16:00:52.298839,5
SUR00092,INC00425,2026-05-04 06:45:42.675453,2026-05-08 01:27:36.350826,3
SUR00093,INC00928,2026-08-03 18:43:47.988639,2026-08-07 10:32:52.366711,5
SUR00094,INC00695,2026-04-14 20:12:00.820032,2026-04-17 09:16:01.895026,5
SUR00095,INC00081,2026-06-26 11:29:00.678735,2026-06-29 00:43:54.637307,5
SUR00096,INC01127,2026-07-05 00:01:21.829020,2026-07-08 03:08:41.684053,4
SUR00097,INC00109,2026-03-29 18:36:28.960703,2026-03-30 17:11:30.935151,4
SUR00098,INC00837,2026-08-18 10:32:16.112924,2026-08-21 18:32:57.205496,2
SUR00099,INC00835,2026-05-27 04:39:35.860678,2026-05-29 12:29:30.496165,4
SUR00100,INC00556,2026-08-31 05:05:24.536979,2026-09-03 12:59:42.002553,4
SUR00101,INC00936,2026-05-08 15:42:20.526085,2026-05-11 01:44:06.547149,4
SUR00102,INC00605,2026-07-29 14:52:18.851674,2026-08-02 13:00:17.154379,5
SUR00103,INC00944,2026-05-11 16:59:35.153753,2026-05-12 16:40:47.179464,5
SUR00104,INC00302,2026-06-08 16:36:29.973418,2026-06-11 07:14:41.296780,2
SUR00105,INC00453,2026-04-02 12:25:40.056830,2026-04-06 02:27:45.470086,1
SUR00106,INC00127,2026-05-25 15:45:00.263804,2026-05-27 06:39:36.925318,4
SUR00107,INC00472,2026-06-01 08:38:22.951280,2026-06-05 02:01:06.729483,3
SUR00108,INC00536,2026-06-07 01:39:26.724083,2026-06-10 19:10:51.677356,4
SUR00109,INC00007,2026-05-31 12:48:22.523270,2026-06-02 21:12:34.678495,5
SUR00110,INC01005,2026-03-27 16:33:19.563806,2026-03-29 23:49:21.028932,4
SUR00111,INC00963,2026-07-20 14:46:12.278975,2026-07-21 23:22:23.780912,4
SUR00112,INC00629,2026-08-28 06:12:37.408103,2026-08-31 16:28:02.574988,5
SUR00113,INC00969,2026-07-06 20:04:59.122858,2026-07-08 23:06:30.467840,2
SUR00114,INC00048,2026-06-10 10:19:53.734230,2026-06-13 02:39:00.970494,4
SUR00115,INC01151,2026-03-24 13:27:52.440438,2026-03-27 12:46:49.315132,4
SUR00116,INC00089,2026-04-21 12:11:38.215214,2026-04-23 22:25:26.288863,4
SUR00117,INC01070,2026-04-13 19:14:30.797235,2026-04-14 05:05:48.019915,5
SUR00118,INC00217,2026-03-06 18:36:37.919084,2026-03-09 16:26:35.259386,3
SUR00119,INC00595,2026-06-28 19:00:09.910241,2026-06-30 04:33:16.385194,5
SUR00120,INC00387,2026-04-11 07:48:22.615465,2026-04-13 14:00:25.613522,5
SUR00121,INC00091,2026-07-13 02:58:55.507273,2026-07-15 22:34:30.567817,5
SUR00122,INC00095,2026-05-15 05:28:29.396069,2026-05-17 14:52:58.924522,4
SUR00123,INC00513,2026-08-14 16:07:40.784279,2026-08-15 13:35:45.397118,4
SUR00124,INC00268,2026-03-21 21:28:53.797203,2026-03-24 00:04:44.439970,1
SUR00125,INC00805,2026-04-26 22:37:55.727830,2026-04-30 20:32:45.837240,4
SUR00126,INC00120,2026-04-04 21:42:14.641161,2026-04-06 16:55:05.475646,5
SUR00127,INC00237,2026-05-12 02:29:16.791367,2026-05-13 12:45:57.259240,5
SUR00128,INC00394,2026-03-30 19:19:18.126082,2026-04-02 03:57:58.701031,3
SUR00129,INC00259,2026-08-22 13:22:42.612346,2026-08-24 02:07:32.723355,4
SUR00130,INC00829,2026-03-08 09:19:32.778924,2026-03-11 15:48:57.134406,4
SUR00131,INC00854,2026-05-27 07:05:54.896652,2026-05-29 23:10:32.260496,5
SUR00132,INC00978,2026-04-21 22:58:37.944121,2026-04-23 05:58:44.987856,4
SUR00133,INC00310,2026-07-15 20:48:29.105745,2026-07-17 10:57:33.679842,4
SUR00134,INC00121,2026-03-16 14:18:16.822788,2026-03-18 08:32:12.131337,5
SUR00135,INC00232,2026-03-11 00:53:45.695750,2026-03-13 21:46:18.006239,5
SUR00136,INC00888,2026-08-14 05:35:29.889608,2026-08-17 03:20:32.292542,4
SUR00137,INC00020,2026-07-13 11:36:25.228536,2026-07-16 21:12:13.549301,4
SUR00138,INC01022,2026-07-24 15:09:19.090154,2026-07-25 23:09:36.959981,5
SUR00139,INC00203,2026-03-28 00:07:59.143666,2026-03-29 02:34:21.111032,4
SUR00140,INC00256,2026-08-13 11:39:43.577496,2026-08-15 19:32:15.569896,4
SUR00141,INC00766,2026-06-08 16:12:22.996471,2026-06-10 18:58:22.374174,5
SUR00142,INC00585,2026-05-14 10:13:53.348780,2026-05-15 18:06:58.537188,5
SUR00143,INC01054,2026-04-29 04:33:25.104992,2026-05-02 23:55:57.247752,4
SUR00144,INC01009,2026-03-19 11:20:00.800746,2026-03-20 08:33:48.043745,5
SUR00145,INC00102,2026-03-03 04:32:13.622390,2026-03-06 14:44:48.009339,4
SUR00146,INC00976,2026-04-28 14:00:15.176113,2026-04-30 11:51:56.400839,5
SUR00147,INC00901,2026-06-19 05:01:54.793488,2026-06-21 06:42:09.043918,5
SUR00148,INC00787,2026-06-07 13:50:43.103678,2026-06-09 16:39:02.089753,5
SUR00149,INC00577,2026-05-28 12:48:04.478629,2026-05-31 12:32:17.662667,5
SUR00150,INC00979,2026-05-31 20:31:51.381035,2026-06-01 18:04:21.163001,3
SUR00151,INC00639,2026-04-21 20:56:36.538984,2026-04-23 19:19:15.656756,5
SUR00152,INC00473,2026-08-19 15:43:07.692011,2026-08-20 07:03:26.375974,4
SUR00153,INC00674,2026-08-21 06:03:01.131794,2026-08-25 04:10:13.099064,5
SUR00154,INC00583,2026-04-29 00:19:16.574369,2026-04-29 09:22:09.012684,3
SUR00155,INC00951,2026-06-27 01:20:40.244463,2026-06-29 21:28:01.536644,5
SUR00156,INC00608,2026-03-14 11:31:35.021972,2026-03-14 21:59:57.542735,4
SUR00157,INC00042,2026-04-29 10:30:02.585753,2026-05-01 00:17:59.627690,5
SUR00158,INC00561,2026-07-13 03:54:51.011626,2026-07-16 01:20:49.814410,5
SUR00159,INC00205,2026-08-14 03:46:12.141906,2026-08-15 09:26:06.482964,5
SUR00160,INC00755,2026-06-26 23:24:28.171436,2026-06-29 20:57:24.473465,4
SUR00161,INC00617,2026-06-12 10:24:05.171189,2026-06-14 14:12:03.294757,3
SUR00162,INC00155,2026-03-05 05:22:15.537730,2026-03-07 04:17:32.256950,5
SUR00163,INC01092,2026-08-11 19:24:07.966908,2026-08-15 18:05:27.687067,4
SUR00164,INC00521,2026-05-26 20:56:00.269474,2026-05-30 11:06:41.952435,5
SUR00165,INC00112,2026-08-04 00:37:43.992466,2026-08-07 21:02:59.477169,5
SUR00166,INC00903,2026-08-17 19:42:12.170368,2026-08-21 15:04:43.655094,3
SUR00167,INC00497,2026-03-07 16:57:04.633356,2026-03-10 17:11:20.927783,3
SUR00168,INC00201,2026-03-31 08:55:51.341092,2026-04-02 15:01:08.160619,5
SUR00169,INC00196,2026-08-06 17:53:27.155511,2026-08-08 02:30:51.899579,5
SUR00170,INC00743,2026-03-27 02:06:45.458728,2026-03-27 23:04:49.069755,4
SUR00171,INC00980,2026-07-07 00:36:15.010117,2026-07-09 02:52:39.112410,4
SUR00172,INC00660,2026-05-23 12:46:56.825366,2026-05-25 05:17:34.907377,5
SUR00173,INC00371,2026-06-29 05:23:09.956578,2026-07-01 10:43:16.888446,4
SUR00174,INC00803,2026-04-11 23:14:35.597158,2026-04-14 00:04:33.190394,5
SUR00175,INC01195,2026-03-27 10:13:30.766134,2026-03-28 00:25:53.480684,5
SUR00176,INC01006,2026-04-22 16:45:51.522407,2026-04-24 08:46:19.917563,5
SUR00177,INC00664,2026-03-03 13:16:21.332214,2026-03-06 03:22:58.389983,4
SUR00178,INC00698,2026-07-15 03:31:55.076458,2026-07-18 10:43:37.712790,5
SUR00179,INC00079,2026-07-27 05:20:45.110017,2026-07-27 23:51:47.690369,4
SUR00180,INC00572,2026-06-26 19:28:57.281655,2026-06-30 05:56:55.615958,2
SUR00181,INC00676,2026-04-21 23:09:45.413774,2026-04-22 08:41:08.066061,4
SUR00182,INC01128,2026-03-22 23:10:53.845980,2026-03-26 04:16:08.783031,4
SUR00183,INC00061,2026-07-09 12:37:14.976317,2026-07-09 15:33:39.458346,3
SUR00184,INC01125,2026-07-29 04:46:25.811957,2026-07-31 22:27:38.549044,3
SUR00185,INC00376,2026-08-11 13:26:11.849129,2026-08-14 11:18:44.028221,5
SUR00186,INC00402,2026-07-25 04:32:28.793291,2026-07-27 00:24:00.885831,5
SUR00187,INC00482,2026-08-01 10:30:00.969385,2026-08-03 09:29:07.920761,5
SUR00188,INC00864,2026-06-17 18:54:33.950019,2026-06-20 03:52:47.913462,4
SUR00189,INC00685,2026-03-11 10:12:10.751117,2026-03-15 04:46:24.189059,4
SUR00190,INC01141,2026-03-11 15:11:52.444854,2026-03-13 00:25:52.681723,4
SUR00191,INC00977,2026-05-09 10:31:26.313175,2026-05-13 02:10:27.772960,5
SUR00192,INC00933,2026-08-04 13:02:45.066520,2026-08-05 16:22:43.676576,4
SUR00193,INC00484,2026-05-08 14:02:45.919160,2026-05-12 07:14:51.304492,5
SUR00194,INC00063,2026-06-30 05:59:54.063493,2026-07-03 05:21:51.863146,4
SUR00195,INC00337,2026-03-22 20:13:14.697254,2026-03-23 10:05:40.317671,4
SUR00196,INC00703,2026-06-20 20:28:19.853488,2026-06-22 09:14:22.741999,5
SUR00197,INC01173,2026-04-06 16:11:49.543347,2026-04-07 04:00:24.253012,5
SUR00198,INC00100,2026-03-14 01:39:03.609813,2026-03-16 21:08:55.401018,4
SUR00199,INC01110,2026-06-15 02:16:59.222795,2026-06-17 22:34:17.466128,5
SUR00200,INC00862,2026-06-04 12:46:44.020083,2026-06-06 09:19:25.379684,3
SUR00201,INC00077,2026-08-08 14:06:01.356435,2026-08-09 21:17:48.814671,4
SUR00202,INC00896,2026-05-03 08:43:22.515506,2026-05-04 15:35:30.670057,4
SUR00203,INC00955,2026-06-14 19:47:54.347163,2026-06-16 04:49:34.797041,2
SUR00204,INC00275,2026-04-09 14:22:18.998956,2026-04-10 04:54:44.819648,4
SUR00205,INC00823,2026-05-28 04:13:37.134770,2026-05-30 06:04:32.306683,5
SUR00206,INC00305,2026-07-22 02:04:13.271814,2026-07-22 08:39:32.714990,5
SUR00207,INC00206,2026-03-16 12:00:50.313070,2026-03-17 16:38:04.305733,4
SUR00208,INC00263,2026-06-16 14:00:37.844968,2026-06-18 17:15:32.033259,4
SUR00209,INC01183,2026-03-12 22:04:15.954567,2026-03-14 12:08:31.583634,4
SUR00210,INC00794,2026-03-05 16:11:06.009520,2026-03-07 21:14:24.736822,5
SUR00211,INC00391,2026-08-10 10:25:15.855169,2026-08-10 20:17:21.598269,3
SUR00212,INC00035,2026-05-08 11:26:23.504163,2026-05-08 22:05:18.633022,4
SUR00213,INC00086,2026-05-27 04:25:16.121254,2026-05-30 03:21:52.188918,5
SUR00214,INC00157,2026-06-30 03:26:47.140680,2026-07-01 02:34:44.134776,5
SUR00215,INC00076,2026-03-02 22:40:12.644376,2026-03-05 04:26:30.362341,5
SUR00216,INC00036,2026-04-06 18:54:34.104628,2026-04-10 09:45:34.789787,5
SUR00217,INC01076,2026-07-02 12:37:33.061137,2026-07-05 18:02:18.469741,4
SUR00218,INC00396,2026-04-17 19:32:16.601852,2026-04-19 21:13:17.240007,3
SUR00219,INC00059,2026-08-28 06:02:01.780635,2026-08-28 21:26:25.710308,5
SUR00220,INC00573,2026-07-28 01:08:08.378524,2026-07-29 12:25:21.274265,4
SUR00221,INC01031,2026-05-08 10:50:04.667922,2026-05-09 21:58:54.064407,4
SUR00222,INC00710,2026-06-11 20:11:26.077098,2026-06-12 07:56:39.122390,5
SUR00223,INC00195,2026-03-18 10:46:14.297193,2026-03-19 23:47:31.968491,5
SUR00224,INC00765,2026-05-15 10:33:09.625705,2026-05-18 23:45:29.708635,5
SUR00225,INC00260,2026-07-18 05:19:53.022146,2026-07-19 23:51:36.245911,4
SUR00226,INC00460,2026-03-26 21:43:27.159108,2026-03-30 03:54:34.997113,5
SUR00227,INC00528,2026-05-31 15:00:51.573495,2026-06-03 17:05:30.248768,5
SUR00228,INC01098,2026-05-17 13:14:19.581347,2026-05-18 11:24:46.733838,4
SUR00229,INC01169,2026-04-16 10:51:09.059654,2026-04-20 08:36:26.712024,4
SUR00230,INC00373,2026-04-14 23:23:58.608201,2026-04-17 04:29:04.565025,3
SUR00231,INC01166,2026-05-26 12:15:58.708698,2026-05-29 13:57:55.531070,5
SUR00232,INC00814,2026-08-04 22:48:13.418192,2026-08-08 09:21:07.254939,5
SUR00233,INC00956,2026-04-18 10:46:46.152381,2026-04-19 21:43:39.893451,4
SUR00234,INC01124,2026-07-10 18:35:08.836357,2026-07-13 22:45:13.394361,5
SUR00235,INC00182,2026-08-18 17:47:37.850787,2026-08-19 11:25:05.142228,5
SUR00236,INC00009,2026-04-26 16:33:01.731359,2026-04-30 00:39:42.836319,5
SUR00237,INC00773,2026-06-13 04:04:27.014974,2026-06-14 00:37:55.218463,3
SUR00238,INC01137,2026-07-14 01:10:22.611042,2026-07-17 06:58:31.126320,3
SUR00239,INC00892,2026-07-11 15:07:28.630235,2026-07-13 23:56:25.905351,4
SUR00240,INC00389,2026-08-09 09:43:14.144713,2026-08-12 21:53:33.797588,5
SUR00241,INC01185,2026-08-31 00:22:49.934180,2026-09-01 01:52:14.067467,4
SUR00242,INC00772,2026-06-18 07:52:55.466964,2026-06-19 14:10:22.738573,5
SUR00243,INC00330,2026-05-20 21:47:45.701475,2026-05-22 04:20:14.626118,3
SUR00244,INC00588,2026-06-27 21:08:51.167577,2026-07-01 09:35:49.669700,5
SUR00245,INC00747,2026-04-04 12:30:43.881089,2026-04-05 15:48:26.501915,5
SUR00246,INC00998,2026-03-29 18:24:15.369879,2026-04-02 18:16:29.461745,3
SUR00247,INC00983,2026-06-07 15:52:34.891101,2026-06-10 14:19:18.028550,4
SUR00248,INC00672,2026-04-01 01:56:24.185232,2026-04-01 06:27:09.270189,4
SUR00249,INC00898,2026-03-30 03:36:44.024538,2026-03-31 09:31:51.406359,3
SUR00250,INC00774,2026-05-12 10:36:04.627061,2026-05-14 03:06:45.890019,5
SUR00251,INC00855,2026-05-25 03:18:54.476688,2026-05-27 07:46:21.013871,4
SUR00252,INC00916,2026-05-19 08:46:44.279527,2026-05-22 01:58:55.917635,1
SUR00253,INC00135,2026-08-13 11:51:11.229102,2026-08-14 00:35:09.670275,4
SUR00254,INC00731,2026-07-21 10:40:11.815125,2026-07-22 13:49:05.487355,4
SUR00255,INC00712,2026-06-29 03:19:23.697236,2026-07-01 06:09:27.358958,4
SUR00256,INC00245,2026-03-17 14:35:50.823758,2026-03-19 06:35:31.861016,5
SUR00257,INC00312,2026-03-29 19:41:52.057895,2026-04-01 22:50:32.621940,5
SUR00258,INC00011,2026-05-24 20:05:07.467919,2026-05-28 04:02:55.148604,4
SUR00259,INC00415,2026-07-29 10:58:57.646301,2026-07-30 07:03:39.344433,4
SUR00260,INC00529,2026-05-24 19:33:13.801392,2026-05-26 01:41:31.249378,4
SUR00261,INC00654,2026-08-03 00:19:38.372716,2026-08-04 00:14:20.555758,4
SUR00262,INC00598,2026-03-21 18:05:45.603071,2026-03-22 00:40:03.923990,3
SUR00263,INC00816,2026-03-17 15:55:58.575450,2026-03-20 13:21:23.181930,4
SUR00264,INC00802,2026-09-02 08:49:21.298697,2026-09-04 21:50:20.754175,4
SUR00265,INC00105,2026-04-08 22:39:45.804319,2026-04-09 18:44:47.594365,4
SUR00266,INC00368,2026-05-24 16:54:58.811741,2026-05-28 04:52:02.574637,5
SUR00267,INC00748,2026-06-08 23:58:54.579073,2026-06-10 10:21:57.813936,4
SUR00268,INC00427,2026-07-15 08:59:09.011189,2026-07-19 04:44:23.714409,4
SUR00269,INC01012,2026-04-20 07:55:59.011120,2026-04-23 23:26:24.960163,3
SUR00270,INC00840,2026-07-01 06:33:06.476872,2026-07-04 01:31:33.834148,5
SUR00271,INC00756,2026-04-08 16:40:17.225753,2026-04-09 14:26:43.330412,4
SUR00272,INC00495,2026-05-28 03:15:05.449893,2026-05-29 08:54:36.059321,4
SUR00273,INC00806,2026-08-14 20:19:04.225416,2026-08-18 02:00:08.002498,5
SUR00274,INC00993,2026-06-02 06:41:43.808554,2026-06-03 02:32:05.109570,5
SUR00275,INC00140,2026-08-06 15:31:48.592350,2026-08-08 03:56:14.407638,4
SUR00276,INC00764,2026-03-09 13:30:47.233567,2026-03-10 08:41:03.616729,4
SUR00277,INC00166,2026-05-15 04:08:14.615341,2026-05-17 01:59:35.832909,2
SUR00278,INC00227,2026-03-17 02:59:36.921048,2026-03-18 01:29:34.068809,4
SUR00279,INC00877,2026-04-28 21:21:29.801980,2026-05-01 20:38:58.214424,5
SUR00280,INC00181,2026-05-04 07:50:04.173266,2026-05-06 05:38:04.372779,4
SUR00281,INC00192,2026-08-03 05:23:20.796256,2026-08-05 16:47:29.136716,4
SUR00282,INC00299,2026-05-20 04:40:45.039212,2026-05-22 08:54:12.305560,4
SUR00283,INC00831,2026-07-23 18:36:20.026461,2026-07-26 14:21:30.705670,4
SUR00284,INC00645,2026-05-01 21:04:48.602986,2026-05-04 18:54:08.612923,5
SUR00285,INC00921,2026-03-13 17:54:18.362523,2026-03-15 09:19:22.361634,5
SUR00286,INC00708,2026-06-08 22:38:07.139840,2026-06-11 15:54:38.281287,3
SUR00287,INC00813,2026-07-13 17:45:26.743239,2026-07-15 15:16:39.151904,5
SUR00288,INC01081,2026-07-03 18:11:35.994747,2026-07-05 13:51:26.533523,4
SUR00289,INC00852,2026-04-28 10:45:23.205224,2026-05-01 13:38:51.116423,4
SUR00290,INC01039,2026-05-07 20:57:44.664710,2026-05-09 07:44:35.814249,2
SUR00291,INC00243,2026-05-13 08:03:07.721518,2026-05-15 06:21:22.293759,4
SUR00292,INC00018,2026-06-06 04:01:23.296552,2026-06-06 09:33:10.560167,4
SUR00293,INC00311,2026-06-02 15:00:44.624715,2026-06-06 10:44:55.319973,3
SUR00294,INC00881,2026-04-26 16:02:56.395076,2026-04-29 23:49:50.543480,5
SUR00295,INC00686,2026-03-25 11:09:11.235455,2026-03-27 12:47:53.252324,3
SUR00296,INC00600,2026-05-19 00:03:28.514886,2026-05-19 09:13:21.189954,5
SUR00297,INC00208,2026-08-29 23:03:10.145827,2026-09-01 03:26:16.129857,3
SUR00298,INC00827,2026-08-30 10:22:24.957910,2026-09-03 00:10:14.759350,4
SUR00299,INC00326,2026-05-04 01:37:10.465791,2026-05-07 09:12:49.183158,4
SUR00300,INC00893,2026-04-27 10:41:20.864138,2026-04-27 17:53:38.493899,4
SUR00301,INC00444,2026-06-10 02:08:05.704896,2026-06-11 12:06:01.337418,5
SUR00302,INC00939,2026-07-23 02:46:33.421589,2026-07-24 01:52:23.116252,5
SUR00303,INC00404,2026-07-11 21:13:29.081238,2026-07-14 02:52:52.415415,4
SUR00304,INC00350,2026-03-13 12:52:12.730073,2026-03-16 17:18:29.462870,4
SUR00305,INC00419,2026-06-03 01:48:05.528069,2026-06-03 16:10:05.775446,4
SUR00306,INC00176,2026-03-19 12:58:56.126247,2026-03-21 02:31:44.141923,5
SUR00307,INC01200,2026-07-26 23:29:24.368954,2026-07-28 10:00:20.573366,4
SUR00308,INC00746,2026-07-02 08:39:09.569151,2026-07-05 11:21:30.443372,1
SUR00309,INC01167,2026-04-25 13:38:20.351393,2026-04-25 20:08:54.450002,5
SUR00310,INC01101,2026-06-27 14:29:06.475316,2026-06-29 15:04:39.329505,5
SUR00311,INC00958,2026-06-22 10:28:45.543579,2026-06-25 09:53:01.781705,2
SUR00312,INC00324,2026-06-21 20:58:44.404191,2026-06-22 09:08:53.410707,5
SUR00313,INC00346,2026-07-06 06:07:04.516872,2026-07-09 17:02:13.619259,5
SUR00314,INC00990,2026-07-18 07:47:04.558730,2026-07-19 04:00:40.948449,5
SUR00315,INC00845,2026-03-22 12:42:28.999213,2026-03-22 21:48:02.658292,5
SUR00316,INC01163,2026-05-19 01:52:35.668509,2026-05-20 11:11:31.593875,4
SUR00317,INC00494,2026-06-10 09:16:28.376227,2026-06-13 21:18:46.414318,4
SUR00318,INC01171,2026-04-19 18:41:06.310651,2026-04-22 14:10:12.878978,4
SUR00319,INC00060,2026-05-04 23:15:50.696421,2026-05-07 15:53:24.318752,4
SUR00320,INC00014,2026-04-11 06:11:40.183612,2026-04-11 10:19:42.224992,4
SUR00321,INC01023,2026-03-18 05:38:22.680947,2026-03-18 10:03:50.112327,5
SUR00322,INC00349,2026-08-28 11:06:13.534093,2026-08-29 01:52:26.766648,2
SUR00323,INC00940,2026-08-29 22:40:31.680245,2026-09-01 15:59:57.400485,3
SUR00324,INC00539,2026-04-01 08:32:53.735266,2026-04-02 05:43:33.427680,5
SUR00325,INC00954,2026-05-20 09:40:24.471320,2026-05-21 03:13:36.816083,4
SUR00326,INC00673,2026-03-19 01:00:22.006847,2026-03-21 08:04:25.609998,4
SUR00327,INC00092,2026-05-16 01:27:26.127184,2026-05-16 22:09:45.612431,5
SUR00328,INC00323,2026-03-24 16:41:10.598815,2026-03-25 18:57:16.629562,5
SUR00329,INC00383,2026-08-17 08:49:54.383835,2026-08-17 14:54:21.092598,5
SUR00330,INC00492,2026-03-31 17:41:14.847833,2026-04-01 16:36:48.586226,2
SUR00331,INC00405,2026-03-07 13:22:12.013251,2026-03-10 17:01:34.283860,5
SUR00332,INC00004,2026-05-29 18:05:35.726944,2026-05-30 11:27:40.093987,4
SUR00333,INC00784,2026-05-23 04:12:55.495582,2026-05-25 12:54:01.452278,3
SUR00334,INC01168,2026-03-26 01:47:42.897297,2026-03-26 06:26:21.664045,4
SUR00335,INC00988,2026-08-07 06:53:41.307051,2026-08-10 14:02:04.078042,3
SUR00336,INC00994,2026-04-11 07:43:21.221312,2026-04-12 14:01:09.629792,5
SUR00337,INC01087,2026-07-25 11:20:01.139445,2026-07-28 19:56:35.045875,4
SUR00338,INC00496,2026-07-01 11:50:40.902228,2026-07-04 21:28:54.651648,5
SUR00339,INC00216,2026-06-18 14:27:04.948181,2026-06-20 20:31:12.991518,5
SUR00340,INC00742,2026-04-17 10:53:59.567374,2026-04-20 17:01:31.849423,4
SUR00341,INC00073,2026-07-26 01:04:44.810234,2026-07-26 23:36:12.816950,5
SUR00342,INC00986,2026-08-10 17:38:32.655385,2026-08-11 12:11:55.022069,5
SUR00343,INC00841,2026-08-02 10:59:45.590410,2026-08-04 07:36:02.085356,5
SUR00344,INC00003,2026-08-06 17:02:55.938484,2026-08-10 03:54:48.841426,3
SUR00345,INC01164,2026-07-25 21:10:02.669139,2026-07-26 20:45:40.388869,2
SUR00346,INC00480,2026-08-19 06:28:21.865498,2026-08-20 10:19:08.055976,2
SUR00347,INC00242,2026-08-21 17:24:25.100404,2026-08-24 15:03:17.442092,4
SUR00348,INC00952,2026-04-18 01:49:41.384848,2026-04-21 01:06:42.174515,4
SUR00349,INC00989,2026-03-23 14:53:33.010169,2026-03-27 11:43:36.357417,4
SUR00350,INC00661,2026-06-21 12:51:22.103257,2026-06-22 03:01:04.882871,5
SUR00351,INC00560,2026-04-14 07:11:49.419923,2026-04-17 07:37:30.019724,5
SUR00352,INC00878,2026-08-07 10:57:47.257984,2026-08-09 21:57:17.557927,4
SUR00353,INC00620,2026-05-26 05:52:53.575666,2026-05-26 09:59:58.720553,5
SUR00354,INC00074,2026-06-19 13:31:01.760273,2026-06-19 19:00:13.671216,3
SUR00355,INC00118,2026-03-10 08:37:37.257738,2026-03-13 03:03:06.275134,5
SUR00356,INC01075,2026-08-16 02:05:03.578041,2026-08-17 09:12:00.979678,4
SUR00357,INC00861,2026-06-20 05:54:37.923913,2026-06-23 23:37:07.177768,4
SUR00358,INC01099,2026-07-25 08:56:53.812737,2026-07-28 11:16:36.721164,4
SUR00359,INC00006,2026-03-30 06:49:27.918290,2026-03-31 10:26:55.285583,3
SUR00360,INC01123,2026-05-26 12:11:47.149508,2026-05-27 04:20:45.417357,1
SUR00361,INC00843,2026-08-19 23:47:23.607297,2026-08-23 18:52:25.536199,2
SUR00362,INC00626,2026-04-07 09:57:16.038821,2026-04-10 11:34:26.029550,3
SUR00363,INC00487,2026-05-12 14:37:25.668623,2026-05-13 09:54:41.279712,2
SUR00364,INC00331,2026-06-03 20:05:28.096159,2026-06-05 13:55:55.270270,5
SUR00365,INC00790,2026-07-11 03:28:08.284198,2026-07-13 01:22:44.074054,5
SUR00366,INC00012,2026-08-08 00:18:53.609515,2026-08-10 12:18:59.047822,3
SUR00367,INC00475,2026-03-10 10:57:49.547089,2026-03-12 02:07:42.598476,5
SUR00368,INC00946,2026-04-02 07:30:40.923954,2026-04-05 09:50:00.964013,5
SUR00369,INC01041,2026-03-26 12:19:00.990362,2026-03-27 10:28:52.802655,4
SUR00370,INC00265,2026-05-03 19:33:49.562572,2026-05-05 22:23:33.101191,4
SUR00371,INC01146,2026-07-26 08:54:56.668229,2026-07-27 12:04:38.184836,5
SUR00372,INC00057,2026-08-30 23:20:54.085559,2026-09-02 14:09:09.746770,5
SUR00373,INC00937,2026-08-15 06:37:16.926013,2026-08-19 00:06:08.058660,2
SUR00374,INC01152,2026-08-17 01:50:59.724233,2026-08-19 19:30:21.213013,5
SUR00375,INC00055,2026-06-03 08:15:27.853856,2026-06-06 12:34:16.274760,3
SUR00376,INC00479,2026-04-29 15:01:37.918679,2026-05-01 19:22:16.314137,4
SUR00377,INC00458,2026-08-20 19:24:44.259840,2026-08-24 03:20:19.320240,5
SUR00378,INC00085,2026-04-03 23:45:48.368809,2026-04-06 19:23:00.585194,4
SUR00379,INC01192,2026-04-10 20:56:19.869696,2026-04-12 18:25:51.595451,3
SUR00380,INC00433,2026-04-25 08:57:34.047840,2026-04-28 09:40:43.037323,3
SUR00381,INC00126,2026-08-05 20:56:48.340637,2026-08-06 17:55:04.608335,5
SUR00382,INC00701,2026-07-07 21:50:12.659690,2026-07-10 02:27:53.240030,4
SUR00383,INC00493,2026-03-12 14:25:59.946346,2026-03-15 06:43:39.903945,5
SUR00384,INC00826,2026-03-21 04:17:39.207742,2026-03-25 03:52:28.430259,4
SUR00385,INC00517,2026-08-05 04:43:36.729343,2026-08-05 08:31:34.271606,4
SUR00386,INC00152,2026-07-18 12:53:42.361743,2026-07-21 19:12:22.102480,5
SUR00387,INC00847,2026-06-23 12:50:13.614055,2026-06-27 12:03:01.207704,5
SUR00388,INC01105,2026-07-09 19:53:38.674700,2026-07-11 12:22:17.133516,4
SUR00389,INC00138,2026-06-09 01:16:02.911685,2026-06-10 14:04:48.966885,3
SUR00390,INC00727,2026-06-27 12:23:16.097272,2026-07-01 09:51:02.590720,5
SUR00391,INC00173,2026-03-07 16:44:20.631541,2026-03-10 00:51:42.704478,4
SUR00392,INC00483,2026-07-15 07:25:55.469003,2026-07-17 14:17:54.809193,5
SUR00393,INC00423,2026-03-23 00:04:52.093250,2026-03-23 16:59:01.277237,4
SUR00394,INC00932,2026-04-09 16:11:51.740244,2026-04-12 22:02:27.061635,5
SUR00395,INC00224,2026-03-27 14:23:03.498292,2026-03-27 17:15:16.891906,3
SUR00396,INC00867,2026-05-10 01:37:28.663245,2026-05-10 20:21:56.482722,4
SUR00397,INC00178,2026-04-07 01:53:57.966012,2026-04-09 04:40:31.283268,4
SUR00398,INC00630,2026-05-29 06:58:48.275206,2026-05-29 17:42:13.967194,4
SUR00399,INC00714,2026-08-02 13:58:03.152502,2026-08-04 03:12:34.927168,5
SUR00400,INC00579,2026-03-18 06:04:15.701745,2026-03-20 13:25:31.348826,5
SUR00401,INC00464,2026-05-02 22:10:30.623815,2026-05-06 16:11:54.493002,5
SUR00402,INC00429,2026-08-10 10:54:26.802930,2026-08-13 16:33:03.794385,4
SUR00403,INC00798,2026-07-26 03:41:26.311313,2026-07-27 09:47:21.653865,4
SUR00404,INC00736,2026-05-17 21:27:07.606419,2026-05-20 19:08:30.490473,5
SUR00405,INC00300,2026-03-18 07:42:14.213997,2026-03-18 19:29:11.546122,5
SUR00406,INC00886,2026-07-15 00:12:10.918276,2026-07-15 06:29:47.091696,4
SUR00407,INC00834,2026-07-04 23:03:15.084853,2026-07-06 12:22:03.557228,5
SUR00408,INC00051,2026-06-03 03:47:08.389297,2026-06-04 18:49:41.399230,4
SUR00409,INC00842,2026-07-02 21:12:38.553729,2026-07-02 23:37:59.718807,5
SUR00410,INC00721,2026-04-13 18:29:54.136509,2026-04-16 05:39:29.974881,4
SUR00411,INC00753,2026-08-18 03:54:57.791556,2026-08-21 22:09:24.040395,2
SUR00412,INC00033,2026-06-28 20:07:55.173028,2026-06-30 15:08:53.994744,4
SUR00413,INC00258,2026-04-13 03:51:05.271146,2026-04-16 15:40:28.774630,5
SUR00414,INC00239,2026-08-27 02:50:45.575583,2026-08-27 13:50:35.465216,5
SUR00415,INC00420,2026-05-15 02:40:42.501838,2026-05-19 02:37:55.770562,2
SUR00416,INC00531,2026-03-11 11:21:22.113798,2026-03-14 05:08:06.992348,2
SUR00417,INC00863,2026-07-20 16:23:59.268487,2026-07-23 16:55:35.484436,4
SUR00418,INC00647,2026-07-26 07:47:25.293122,2026-07-27 11:26:35.772789,4
SUR00419,INC00856,2026-07-11 16:42:00.105294,2026-07-13 12:17:52.526071,5
SUR00420,INC00547,2026-05-30 08:00:35.356395,2026-05-31 09:55:55.994654,5
SUR00421,INC00355,2026-03-18 05:37:57.538584,2026-03-19 16:44:36.337902,5
SUR00422,INC00905,2026-08-27 04:07:20.701627,2026-08-28 04:25:38.835578,5
SUR00423,INC00662,2026-07-07 18:59:45.202211,2026-07-10 02:48:44.790576,5
SUR00424,INC00369,2026-05-23 18:48:37.985530,2026-05-26 02:08:14.162642,4
SUR00425,INC00687,2026-05-06 14:00:38.462760,2026-05-07 02:40:18.779146,4
SUR00426,INC00465,2026-04-19 20:54:25.249834,2026-04-23 18:40:05.060903,3
SUR00427,INC00532,2026-04-26 22:16:03.793665,2026-04-27 06:19:28.491848,1
SUR00428,INC00650,2026-07-23 04:52:08.759881,2026-07-26 12:58:25.283682,4
SUR00429,INC00810,2026-07-21 02:55:14.784353,2026-07-23 16:41:12.558460,5
SUR00430,INC00760,2026-08-11 06:38:17.989402,2026-08-14 22:11:52.163417,3
SUR00431,INC00304,2026-06-14 08:40:30.056194,2026-06-16 15:19:31.826768,4
SUR00432,INC00737,2026-05-13 02:31:41.394700,2026-05-16 09:17:20.388661,4
SUR00433,INC01082,2026-07-10 16:06:26.878118,2026-07-12 00:56:23.669672,5
SUR00434,INC00984,2026-06-25 16:20:07.639913,2026-06-29 03:00:43.401711,4
SUR00435,INC00613,2026-06-24 22:39:09.151954,2026-06-28 17:39:51.851004,3
SUR00436,INC00947,2026-07-17 05:57:04.012810,2026-07-18 15:30:42.072756,4
SUR00437,INC00966,2026-04-15 02:15:21.704791,2026-04-17 13:29:46.281948,5
SUR00438,INC00542,2026-07-16 21:32:15.073741,2026-07-19 12:12:12.810610,4
SUR00439,INC00924,2026-07-31 04:23:09.298819,2026-08-03 05:52:25.893173,5
SUR00440,INC00537,2026-06-25 10:40:10.181814,2026-06-26 20:12:22.149690,3
SUR00441,INC00526,2026-03-23 12:47:27.501340,2026-03-23 16:30:31.784680,4
SUR00442,INC00161,2026-04-24 04:28:59.960843,2026-04-24 09:33:10.068413,4
SUR00443,INC00603,2026-03-18 11:13:19.733415,2026-03-18 14:23:30.599768,4
SUR00444,INC00434,2026-08-01 12:33:59.608780,2026-08-05 02:31:56.128584,5
SUR00445,INC00907,2026-08-15 16:15:52.428740,2026-08-18 09:35:08.447857,4
SUR00446,INC01172,2026-08-26 09:58:39.238189,2026-08-27 15:39:48.782299,5
SUR00447,INC00724,2026-03-04 15:44:58.111054,2026-03-05 03:29:03.459495,5
SUR00448,INC00992,2026-07-26 14:45:15.528948,2026-07-29 03:07:32.144996,3
SUR00449,INC00706,2026-07-29 20:41:38.889592,2026-07-29 23:10:56.657202,4
SUR00450,INC00786,2026-06-27 15:38:18.739611,2026-06-29 08:24:01.011545,5
SUR00451,INC01056,2026-04-17 00:27:12.817160,2026-04-18 23:30:46.463582,5
SUR00452,INC00108,2026-06-20 21:46:43.952709,2026-06-22 05:49:24.954147,4
SUR00453,INC00170,2026-04-30 01:23:23.908571,2026-04-30 07:19:23.244496,3
SUR00454,INC00386,2026-05-27 13:55:45.780360,2026-05-30 05:31:40.324971,5
SUR00455,INC01026,2026-03-12 12:19:29.172417,2026-03-15 13:07:35.284912,5
SUR00456,INC00282,2026-05-21 08:56:17.632636,2026-05-24 14:54:29.344508,4
SUR00457,INC00356,2026-06-11 18:20:59.299236,2026-06-13 01:10:41.111758,4
SUR00458,INC00234,2026-03-30 04:45:29.746637,2026-04-03 02:44:43.241453,3
SUR00459,INC00013,2026-05-03 18:38:20.584892,2026-05-06 01:10:11.161699,4
SUR00460,INC00384,2026-04-19 00:59:05.309801,2026-04-21 12:41:49.721689,5
SUR00461,INC00251,2026-08-02 06:54:40.506811,2026-08-04 00:19:08.270279,4
SUR00462,INC00919,2026-05-30 00:31:45.837024,2026-05-30 18:02:16.905195,3
SUR00463,INC00283,2026-06-25 23:23:49.704939,2026-06-29 09:04:38.880384,4
SUR00464,INC00488,2026-05-01 19:57:33.847230,2026-05-04 17:49:40.113229,5
SUR00465,INC00438,2026-05-05 09:03:40.335699,2026-05-06 03:11:57.156002,4
SUR00466,INC00269,2026-04-21 13:36:56.318408,2026-04-22 23:37:46.575832,5
SUR00467,INC00876,2026-08-23 20:22:14.547722,2026-08-24 19:36:23.069091,3
SUR00468,INC00342,2026-07-30 21:08:33.074286,2026-07-31 15:13:54.836438,3
SUR00469,INC00551,2026-06-26 21:17:18.517029,2026-06-27 03:02:04.296028,4
SUR00470,INC00679,2026-06-27 20:03:05.430429,2026-06-28 14:31:19.438354,5
SUR00471,INC01019,2026-03-22 04:43:34.036922,2026-03-24 16:27:53.309599,5
SUR00472,INC01158,2026-07-23 18:46:35.136840,2026-07-24 20:31:04.802363,4
SUR00473,INC00447,2026-03-09 12:54:26.872890,2026-03-12 10:33:43.185844,5
SUR00474,INC00555,2026-07-02 04:06:42.311255,2026-07-04 22:19:52.769729,4
SUR00475,INC00828,2026-05-05 12:43:34.695477,2026-05-06 12:52:22.481032,4
SUR00476,INC00871,2026-08-20 21:14:05.725785,2026-08-21 00:59:21.753146,5
SUR00477,INC01021,2026-04-27 20:01:32.833865,2026-04-30 11:10:50.786757,5
SUR00478,INC00510,2026-04-29 04:08:53.344563,2026-05-01 02:28:29.682216,5
SUR00479,INC00680,2026-06-17 19:25:12.248820,2026-06-19 11:02:04.805103,5
SUR00480,INC00858,2026-06-05 06:44:09.433288,2026-06-07 09:44:26.049852,5
SUR00481,INC00925,2026-06-23 03:47:06.071073,2026-06-24 18:49:04.833413,4
SUR00482,INC01149,2026-08-30 03:34:48.366117,2026-08-30 10:57:07.891647,5
SUR00483,INC00769,2026-09-02 20:36:55.735834,2026-09-04 14:03:06.668235,2
SUR00484,INC00364,2026-04-17 18:21:03.046129,2026-04-21 02:48:19.583820,4
SUR00485,INC01150,2026-07-11 01:10:35.619289,2026-07-13 13:14:40.314597,3
SUR00486,INC00781,2026-04-16 08:04:06.490046,2026-04-16 22:13:32.946624,4
SUR00487,INC00454,2026-07-14 19:59:26.415344,2026-07-16 06:38:29.995860,2
SUR00488,INC00375,2026-05-06 02:16:16.392674,2026-05-06 17:46:03.491240,4
SUR00489,INC01142,2026-03-21 04:31:17.817825,2026-03-22 05:36:43.261352,4
SUR00490,INC00632,2026-06-30 23:44:46.854480,2026-07-03 22:14:56.707440,5
SUR00491,INC00122,2026-06-02 04:36:02.734062,2026-06-04 03:02:22.656366,3
SUR00492,INC00054,2026-08-02 08:00:12.216687,2026-08-04 08:42:58.122528,3
SUR00493,INC00188,2026-08-25 12:46:45.115545,2026-08-29 01:03:04.696184,4
SUR00494,INC00574,2026-08-07 07:52:27.780800,2026-08-08 14:28:08.808867,4
SUR00495,INC00720,2026-08-26 08:45:16.490026,2026-08-29 22:19:53.523895,5
SUR00496,INC00960,2026-05-08 14:21:08.516230,2026-05-09 14:40:22.669886,5
SUR00497,INC00287,2026-07-16 17:04:58.550529,2026-07-17 11:35:29.316878,4
SUR00498,INC00017,2026-03-15 23:46:41.836664,2026-03-16 21:23:00.244205,4
SUR00499,INC01194,2026-05-04 02:24:49.917711,2026-05-04 20:27:48.232859,4
SUR00500,INC01187,2026-05-03 00:40:41.545851,2026-05-04 10:04:47.352826,4
SUR00501,INC01107,2026-07-03 04:22:32.126418,2026-07-05 12:09:49.839574,4
SUR00502,INC00578,2026-04-22 07:27:59.480701,2026-04-23 15:21:20.917798,5
SUR00503,INC01078,2026-07-02 22:40:07.231952,2026-07-03 09:36:33.093678,5
SUR00504,INC00562,2026-08-18 17:53:18.165395,2026-08-19 20:39:41.659398,5
SUR00505,INC00819,2026-07-08 14:38:12.945930,2026-07-10 20:06:21.174103,5
SUR00506,INC00681,2026-07-19 17:07:25.962224,2026-07-20 20:01:26.208975,5
SUR00507,INC00942,2026-03-24 01:11:28.923087,2026-03-25 10:32:08.172014,4
SUR00508,INC00294,2026-09-04 20:00:08.407726,2026-09-07 04:44:54.042218,5
SUR00509,INC00580,2026-05-17 16:58:47.421440,2026-05-19 02:31:04.910981,4
SUR00510,INC00693,2026-08-03 12:48:15.193699,2026-08-04 11:14:07.030554,5
SUR00511,INC00107,2026-05-09 09:31:15.124649,2026-05-10 17:42:07.443245,5
SUR00512,INC00648,2026-07-05 05:24:55.088434,2026-07-05 09:40:41.092395,4
SUR00513,INC00024,2026-06-21 18:36:24.010854,2026-06-22 20:40:45.172854,4
SUR00514,INC00070,2026-07-03 02:52:12.027291,2026-07-03 06:22:16.393489,4
SUR00515,INC01197,2026-05-12 22:04:51.575928,2026-05-14 23:24:42.133355,5
SUR00516,INC01188,2026-07-05 02:03:01.581783,2026-07-08 20:39:10.613196,5
SUR00517,INC01015,2026-05-18 06:57:06.640941,2026-05-18 13:16:49.770776,3
SUR00518,INC00104,2026-03-08 04:35:32.005985,2026-03-10 01:14:14.428893,4
SUR00519,INC01028,2026-03-16 05:40:02.301880,2026-03-18 00:32:01.532783,4
SUR00520,INC00779,2026-07-08 14:24:44.370648,2026-07-11 22:31:02.823079,5
SUR00521,INC00910,2026-06-27 14:07:40.944609,2026-06-29 08:48:55.910758,3
SUR00522,INC01134,2026-06-06 17:45:46.286581,2026-06-10 01:45:02.502717,4
SUR00523,INC00075,2026-07-22 01:30:16.560197,2026-07-22 14:01:29.805048,4
SUR00524,INC00508,2026-08-15 10:52:14.336966,2026-08-16 02:43:12.660949,4
SUR00525,INC01154,2026-07-11 02:40:59.559549,2026-07-11 05:45:32.392891,4
SUR00526,INC00219,2026-04-28 19:14:37.368905,2026-05-02 17:12:35.054907,4
SUR00527,INC01066,2026-05-20 07:30:30.226434,2026-05-21 19:31:02.716140,5
SUR00528,INC01036,2026-03-04 00:49:59.827612,2026-03-05 01:17:36.957657,4
SUR00529,INC00266,2026-03-27 09:35:13.611475,2026-03-28 16:57:16.524401,5
SUR00530,INC00762,2026-03-22 13:32:05.260448,2026-03-23 12:51:13.904580,5
SUR00531,INC00554,2026-04-27 12:06:26.958286,2026-04-28 08:22:02.124524,3
SUR00532,INC00435,2026-03-14 23:07:47.225139,2026-03-15 04:12:34.792214,5
SUR00533,INC00111,2026-06-03 08:56:49.611088,2026-06-04 10:01:38.593016,3
SUR00534,INC00730,2026-08-21 13:48:59.103340,2026-08-25 01:52:45.086057,4
SUR00535,INC00041,2026-08-09 21:11:56.587876,2026-08-12 05:53:00.576837,5
SUR00536,INC00694,2026-07-19 09:50:54.222530,2026-07-22 13:51:08.576904,4
SUR00537,INC00277,2026-08-01 01:30:05.139144,2026-08-02 18:56:13.878639,5
SUR00538,INC00340,2026-04-19 13:33:28.124088,2026-04-21 20:54:07.823656,4
SUR00539,INC00962,2026-05-21 02:30:56.806203,2026-05-23 22:53:04.811146,4
SUR00540,INC00675,2026-07-26 11:50:09.865424,2026-07-30 05:02:34.264405,5
SUR00541,INC00186,2026-03-30 17:00:12.739192,2026-04-01 17:02:33.908877,5
SUR00542,INC01017,2026-05-14 14:42:49.506457,2026-05-17 21:58:10.909885,5
SUR00543,INC00957,2026-03-21 21:05:25.480277,2026-03-22 06:15:44.034172,4
SUR00544,INC00062,2026-08-13 08:38:59.768306,2026-08-15 22:22:17.953470,5
SUR00545,INC00652,2026-06-20 20:07:05.020372,2026-06-24 09:36:42.442904,4
SUR00546,INC00388,2026-04-16 21:24:35.155166,2026-04-19 08:33:39.713753,5
SUR00547,INC00918,2026-03-24 18:04:30.329631,2026-03-28 09:08:01.864168,2
SUR00548,INC01085,2026-08-23 15:53:25.769609,2026-08-25 16:28:55.652287,5
SUR00549,INC00252,2026-08-26 06:10:28.331912,2026-08-28 08:35:52.204640,5
SUR00550,INC01038,2026-06-30 16:16:43.187452,2026-07-03 12:56:58.881708,5
SUR00551,INC01139,2026-03-29 11:03:02.744984,2026-04-01 22:08:30.598549,4
SUR00552,INC00308,2026-09-03 21:01:16.287428,2026-09-07 18:44:16.137644,3
SUR00553,INC00194,2026-03-03 10:35:35.387260,2026-03-07 00:36:00.239424,4
SUR00554,INC00503,2026-08-21 06:00:25.371691,2026-08-23 11:27:10.838346,5
SUR00555,INC00034,2026-06-07 22:40:48.682933,2026-06-10 22:51:33.402573,5
SUR00556,INC00792,2026-05-09 23:20:11.095656,2026-05-11 23:46:11.838826,4
SUR00557,INC00058,2026-03-25 16:56:31.227945,2026-03-26 21:25:46.601399,4
SUR00558,INC00641,2026-08-24 19:33:38.877023,2026-08-25 12:17:31.983710,4
SUR00559,INC00359,2026-07-10 16:47:48.566886,2026-07-13 02:28:33.657958,4
SUR00560,INC00046,2026-06-24 18:12:30.141799,2026-06-27 22:06:12.100171,5
SUR00561,INC00891,2026-03-07 22:36:42.364141,2026-03-09 04:01:51.361491,4
SUR00562,INC00815,2026-05-12 22:14:09.918194,2026-05-15 04:59:12.277009,5
SUR00563,INC00869,2026-06-18 18:52:05.007035,2026-06-20 15:13:19.436142,3
SUR00564,INC00069,2026-08-03 21:50:59.398617,2026-08-07 06:54:57.289646,5
SUR00565,INC00319,2026-05-11 13:29:00.819830,2026-05-14 22:22:54.734608,4
SUR00566,INC00292,2026-07-13 11:28:48.972994,2026-07-14 23:52:29.204509,5
SUR00567,INC00047,2026-08-01 06:48:19.284066,2026-08-03 08:04:26.918040,3
SUR00568,INC00278,2026-06-12 17:09:05.826604,2026-06-15 18:38:47.782160,4
SUR00569,INC01143,2026-07-12 22:02:29.908173,2026-07-16 19:30:03.669696,5
SUR00570,INC00298,2026-05-31 01:01:10.261774,2026-06-02 18:47:39.803043,4
SUR00571,INC00225,2026-08-25 06:57:51.071977,2026-08-29 06:22:52.856686,4
SUR00572,INC00597,2026-04-28 10:56:22.624073,2026-04-30 00:00:05.710393,5
SUR00573,INC00953,2026-03-17 22:17:17.989464,2026-03-20 01:44:02.727173,5
SUR00574,INC00365,2026-07-25 00:56:25.607769,2026-07-28 16:39:09.148773,5
SUR00575,INC00749,2026-03-17 21:51:11.016205,2026-03-19 10:46:49.670668,3
SUR00576,INC00367,2026-04-09 00:02:03.414014,2026-04-11 03:29:03.147253,4
SUR00577,INC00001,2026-06-04 00:35:07.891644,2026-06-07 10:49:39.340481,4
SUR00578,INC00067,2026-07-26 08:11:00.886039,2026-07-28 03:20:25.444034,5
SUR00579,INC00808,2026-03-26 05:52:18.648911,2026-03-26 12:57:12.990802,3
SUR00580,INC00032,2026-06-10 13:10:30.647672,2026-06-13 08:35:47.233677,4
SUR00581,INC00777,2026-03-29 12:28:03.333278,2026-03-30 13:46:47.609610,3
SUR00582,INC00295,2026-08-30 02:08:52.469580,2026-08-30 05:23:27.018211,5
SUR00583,INC00114,2026-08-29 13:34:25.486061,2026-08-30 04:51:54.414540,4
SUR00584,INC00246,2026-07-13 00:18:37.211442,2026-07-15 09:56:42.841115,5
SUR00585,INC00416,2026-03-15 05:26:15.619832,2026-03-15 11:07:11.105053,4
SUR00586,INC00162,2026-04-07 05:11:55.593651,2026-04-09 00:00:32.285973,5
SUR00587,INC00412,2026-06-07 20:40:36.468430,2026-06-09 23:04:57.390172,4
SUR00588,INC00865,2026-05-25 01:23:26.614913,2026-05-27 07:50:15.694579,5
SUR00589,INC00801,2026-08-30 20:16:31.873982,2026-09-01 16:05:33.747036,4
SUR00590,INC00824,2026-06-11 00:06:38.063561,2026-06-13 05:26:51.696273,5
SUR00591,INC01121,2026-08-11 23:20:19.038529,2026-08-14 19:48:51.441233,5
SUR00592,INC00920,2026-06-07 04:59:05.119500,2026-06-08 23:50:43.252633,5
SUR00593,INC00248,2026-07-23 17:27:12.961360,2026-07-26 19:23:13.165762,4
SUR00594,INC01106,2026-03-14 19:30:07.715839,2026-03-15 00:47:00.389969,4
SUR00595,INC01103,2026-05-30 11:39:51.106115,2026-06-02 13:05:14.380441,3
SUR00596,INC00093,2026-04-07 09:36:32.419302,2026-04-07 20:27:46.161380,5
SUR00597,INC00382,2026-03-30 15:53:55.843568,2026-04-01 15:08:13.406491,5
SUR00598,INC00115,2026-03-23 16:24:01.904524,2026-03-26 18:37:04.000847,2
SUR00599,INC00758,2026-08-04 09:29:22.292641,2026-08-06 02:12:57.553828,4
SUR00600,INC00255,2026-06-28 15:06:32.907809,2026-06-30 07:07:36.696442,4
SUR00601,INC00430,2026-06-20 16:58:36.483346,2026-06-23 01:58:54.308191,4
SUR00602,INC00589,2026-06-27 18:38:36.086254,2026-07-01 05:22:45.934682,5
SUR00603,INC00179,2026-07-24 05:02:58.687947,2026-07-28 02:21:47.080172,2
SUR00604,INC00621,2026-06-29 06:38:48.564609,2026-07-02 03:02:43.490500,4
SUR00605,INC00390,2026-08-06 18:18:44.578981,2026-08-08 13:20:29.170710,3
SUR00606,INC00133,2026-05-15 03:10:30.355847,2026-05-18 12:42:22.810052,5
SUR00607,INC00738,2026-06-18 19:19:43.054030,2026-06-20 06:53:16.431489,5
SUR00608,INC01132,2026-05-12 03:44:18.362595,2026-05-16 02:52:38.787495,4
SUR00609,INC01174,2026-04-29 00:05:31.353377,2026-05-01 06:19:51.959737,3
SUR00610,INC00290,2026-03-09 06:49:53.021437,2026-03-12 21:03:51.660033,5
SUR00611,INC00247,2026-05-16 18:46:05.686103,2026-05-17 10:13:40.630080,5
SUR00612,INC00553,2026-07-15 20:56:44.030856,2026-07-16 23:07:18.997255,5
SUR00613,INC00090,2026-04-09 11:40:06.350796,2026-04-12 07:36:21.786648,5
SUR00614,INC00193,2026-03-23 13:25:18.651853,2026-03-25 12:10:50.654490,5
SUR00615,INC00909,2026-05-16 03:15:42.974560,2026-05-17 01:09:59.939039,5
SUR00616,INC01181,2026-05-05 01:44:46.563579,2026-05-05 23:35:29.758613,5
SUR00617,INC00437,2026-04-08 20:12:50.376320,2026-04-12 08:09:25.563458,5
SUR00618,INC00656,2026-03-08 20:03:38.017813,2026-03-11 20:50:10.237116,3
SUR00619,INC01198,2026-04-04 03:03:40.462524,2026-04-05 14:03:35.076917,5
SUR00620,INC00147,2026-05-08 10:00:24.036422,2026-05-11 22:14:27.005354,3
SUR00621,INC00119,2026-05-05 06:27:33.247657,2026-05-06 01:01:56.448755,3
SUR00622,INC01153,2026-06-05 21:48:46.478769,2026-06-09 12:42:45.895824,4
SUR00623,INC00745,2026-04-24 23:15:51.936064,2026-04-27 14:50:29.986950,4
SUR00624,INC00997,2026-05-05 16:40:56.384778,2026-05-07 20:11:35.392117,5
SUR00625,INC00726,2026-08-03 09:13:00.373514,2026-08-06 09:06:38.874351,4
SUR00626,INC01145,2026-08-25 05:33:07.631580,2026-08-29 01:45:20.397761,4
SUR00627,INC00027,2026-07-23 05:57:32.400926,2026-07-26 07:02:08.864147,4
SUR00628,INC00015,2026-04-10 23:21:55.329354,2026-04-14 13:28:19.632287,5
SUR00629,INC01010,2026-06-23 13:52:41.046290,2026-06-27 08:44:27.841564,3
SUR00630,INC00083,2026-08-13 14:24:32.902936,2026-08-17 08:17:01.591060,4
SUR00631,INC00711,2026-08-13 18:36:26.151405,2026-08-15 23:26:26.725393,5
SUR00632,INC00995,2026-04-29 17:58:45.512278,2026-04-30 00:52:08.660817,3
SUR00633,INC00941,2026-03-10 20:12:42.577346,2026-03-12 16:12:25.518568,4
SUR00634,INC00601,2026-04-19 05:18:43.571049,2026-04-20 06:40:16.521003,5
SUR00635,INC00274,2026-08-01 08:39:17.333562,2026-08-01 20:20:21.922429,4
SUR00636,INC01045,2026-06-16 21:19:48.458451,2026-06-17 16:43:09.381199,4
SUR00637,INC00467,2026-05-09 22:08:08.137711,2026-05-13 00:46:35.708369,5
SUR00638,INC01108,2026-06-29 17:02:19.687518,2026-06-30 22:08:26.961367,5
SUR00639,INC01052,2026-09-01 15:52:55.341349,2026-09-05 11:36:31.753208,5
SUR00640,INC00448,2026-04-25 08:53:48.395182,2026-04-26 15:10:31.037685,4
SUR00641,INC00372,2026-06-29 07:32:18.547870,2026-06-29 16:36:12.363413,4
SUR00642,INC00558,2026-05-12 17:23:21.312442,2026-05-13 02:11:11.979685,3
SUR00643,INC00272,2026-08-11 21:34:26.299253,2026-08-12 18:02:24.628735,3
SUR00644,INC00606,2026-07-17 19:30:30.620970,2026-07-19 18:38:20.658082,5
SUR00645,INC00450,2026-06-13 00:49:04.812310,2026-06-14 13:54:59.475305,2
SUR00646,INC01029,2026-08-06 16:38:09.581922,2026-08-10 14:57:19.338016,3
SUR00647,INC00524,2026-05-08 23:38:10.188876,2026-05-11 09:11:10.971211,5
SUR00648,INC00215,2026-07-28 23:19:47.506597,2026-07-29 12:36:15.780545,5
SUR00649,INC00345,2026-05-01 13:35:10.963015,2026-05-02 18:52:10.110982,2
SUR00650,INC01049,2026-03-28 23:21:20.865814,2026-03-30 00:26:14.943878,4
SUR00651,INC00148,2026-04-04 20:52:28.443511,2026-04-05 20:54:16.166713,5
SUR00652,INC00413,2026-08-01 03:48:47.023153,2026-08-02 19:09:01.234549,4
SUR00653,INC01079,2026-09-01 10:16:41.711854,2026-09-03 07:20:06.451742,3
SUR00654,INC00987,2026-06-17 22:52:49.033705,2026-06-21 09:03:42.061792,4
SUR00655,INC00174,2026-04-25 09:06:29.778910,2026-04-27 20:39:08.294682,4
SUR00656,INC00800,2026-04-13 17:36:46.054089,2026-04-15 17:32:26.464085,4
SUR00657,INC00887,2026-04-18 19:34:42.094067,2026-04-19 16:14:48.132351,5
SUR00658,INC00306,2026-07-08 20:41:51.314300,2026-07-11 00:23:28.691417,2
SUR00659,INC00544,2026-05-14 05:16:16.397925,2026-05-16 13:55:22.086529,4
SUR00660,INC00732,2026-07-28 16:32:17.923316,2026-07-31 03:40:40.897686,4
SUR00661,INC00700,2026-05-28 19:00:29.000579,2026-05-31 10:22:23.214789,5
SUR00662,INC00860,2026-03-29 12:06:21.392724,2026-04-01 12:45:17.953260,4
SUR00663,INC00286,2026-03-13 13:09:16.028695,2026-03-16 10:00:02.393927,4
SUR00664,INC00222,2026-07-27 03:57:55.751465,2026-07-28 03:36:02.040648,4
SUR00665,INC00817,2026-07-30 00:02:53.636967,2026-08-01 13:29:21.175834,3
SUR00666,INC00023,2026-04-23 01:20:36.490967,2026-04-25 11:39:19.311424,5
SUR00667,INC01178,2026-08-20 01:20:07.370549,2026-08-22 21:05:51.028184,3
SUR00668,INC00117,2026-08-19 07:49:09.222898,2026-08-19 10:45:44.860847,4
SUR00669,INC00895,2026-07-17 00:26:04.039593,2026-07-20 00:55:59.327729,4
SUR00670,INC00362,2026-04-05 11:04:06.042608,2026-04-07 12:29:35.687899,3
SUR00671,INC00096,2026-07-05 20:38:00.048868,2026-07-08 17:11:11.678244,4
SUR00672,INC00948,2026-08-03 13:12:17.271245,2026-08-03 16:25:47.517472,5
SUR00673,INC00262,2026-07-27 19:17:47.903933,2026-07-29 05:56:09.829602,4
SUR00674,INC01042,2026-04-21 19:02:01.306663,2026-04-22 09:40:01.390246,5
SUR00675,INC00791,2026-05-11 22:27:18.913188,2026-05-13 08:45:40.671966,3
SUR00676,INC01191,2026-05-17 05:27:25.403977,2026-05-17 16:55:54.145236,4
SUR00677,INC00180,2026-05-04 17:29:15.040936,2026-05-08 02:15:11.431173,4
SUR00678,INC00103,2026-03-19 09:18:56.533807,2026-03-21 19:29:40.032418,3
SUR00679,INC00575,2026-06-09 01:53:35.917339,2026-06-12 03:11:46.427236,5
SUR00680,INC00564,2026-07-24 05:38:50.490977,2026-07-27 01:35:45.719982,5
SUR00681,INC00185,2026-05-29 11:01:14.723598,2026-05-31 05:38:41.727205,4
SUR00682,INC00468,2026-05-18 05:04:57.331389,2026-05-18 19:31:02.725187,4
SUR00683,INC00970,2026-04-30 05:51:11.906945,2026-05-02 07:38:11.516866,4
SUR00684,INC01148,2026-05-09 19:32:16.910069,2026-05-10 09:19:18.959313,5
SUR00685,INC00072,2026-08-25 11:37:03.608903,2026-08-26 13:55:32.722484,5
SUR00686,INC01008,2026-04-27 00:41:47.751190,2026-04-30 14:23:38.919783,4
SUR00687,INC00767,2026-05-13 21:50:53.300313,2026-05-15 20:43:52.369912,4
SUR00688,INC00347,2026-06-04 07:33:01.337793,2026-06-05 13:14:31.046069,5
SUR00689,INC00702,2026-06-21 13:32:58.476465,2026-06-25 00:00:25.238377,5
SUR00690,INC01091,2026-05-25 22:16:04.521868,2026-05-26 05:41:15.144288,3
SUR00691,INC00030,2026-08-07 04:03:28.948040,2026-08-08 17:33:17.002496,5
SUR00692,INC00964,2026-04-11 12:37:48.154395,2026-04-13 19:08:46.937993,5
SUR00693,INC00040,2026-04-12 07:21:58.375969,2026-04-12 22:20:56.273641,5
SUR00694,INC00505,2026-07-12 04:42:53.576490,2026-07-13 14:53:41.241080,4
SUR00695,INC00158,2026-03-14 10:42:22.701426,2026-03-16 12:30:53.346127,3
SUR00696,INC00659,2026-07-17 21:50:29.020006,2026-07-20 10:28:34.386776,5
SUR00697,INC00636,2026-03-14 09:17:51.681141,2026-03-15 13:59:18.108834,2
SUR00698,INC01064,2026-05-20 04:48:33.546007,2026-05-22 10:06:19.743153,5
SUR00699,INC00395,2026-06-11 22:32:44.920226,2026-06-15 16:11:46.133132,2
SUR00700,INC00053,2026-07-10 09:58:46.797575,2026-07-12 20:33:31.047843,4
SUR00701,INC00809,2026-05-21 15:24:33.907262,2026-05-24 10:49:06.770834,4
SUR00702,INC00360,2026-08-11 10:40:30.353887,2026-08-11 20:33:11.330925,2
SUR00703,INC00836,2026-04-16 17:40:44.429032,2026-04-17 04:40:49.736218,4
SUR00704,INC00403,2026-05-04 02:02:32.939622,2026-05-04 18:45:09.782111,5
SUR00705,INC00422,2026-07-06 18:48:56.046356,2026-07-07 17:25:38.583583,2
SUR00706,INC00449,2026-06-27 10:43:13.302702,2026-06-29 20:13:41.691545,4
SUR00707,INC00678,2026-08-10 03:09:58.647627,2026-08-12 18:59:25.242056,3
SUR00708,INC00285,2026-06-02 14:25:05.454056,2026-06-04 07:37:02.392727,5
SUR00709,INC00593,2026-07-17 05:30:41.036397,2026-07-18 05:26:21.988888,5
SUR00710,INC00228,2026-06-11 00:28:14.945012,2026-06-11 10:03:09.000257,4
SUR00711,INC00354,2026-03-07 03:50:06.431006,2026-03-09 04:34:59.450729,1
SUR00712,INC00010,2026-03-16 16:42:35.758023,2026-03-19 02:47:38.660432,5
SUR00713,INC00971,2026-04-18 03:00:49.142191,2026-04-18 07:47:18.318802,4
SUR00714,INC00031,2026-03-04 14:20:37.639658,2026-03-06 08:04:58.645686,5
SUR00715,INC01074,2026-06-14 13:26:56.101883,2026-06-18 01:33:24.906082,4
SUR00716,INC00692,2026-05-21 10:18:51.870791,2026-05-24 13:16:05.093142,5
SUR00717,INC00922,2026-05-15 02:37:17.952056,2026-05-15 22:59:48.422206,5
SUR00718,INC01030,2026-04-20 20:42:22.634191,2026-04-22 05:03:33.537128,5
SUR00719,INC00335,2026-03-16 01:51:00.304559,2026-03-18 19:54:46.528475,5
SUR00720,INC00463,2026-04-21 21:51:50.528948,2026-04-22 07:49:52.667230,2
SUR00721,INC00008,2026-08-23 17:41:34.734117,2026-08-27 04:28:19.558414,5
SUR00722,INC00518,2026-06-10 20:55:38.360112,2026-06-14 07:09:50.452176,4
SUR00723,INC00198,2026-03-13 14:58:08.285963,2026-03-15 18:23:04.937867,3
SUR00724,INC00297,2026-03-26 15:42:19.713732,2026-03-27 09:37:53.939226,4
SUR00725,INC00393,2026-04-27 12:51:23.896288,2026-04-29 21:15:19.333310,2
SUR00726,INC00768,2026-05-29 04:12:21.747471,2026-06-01 23:12:15.900001,5
SUR00727,INC01073,2026-06-25 07:20:35.239564,2026-06-28 00:18:06.061749,4
SUR00728,INC00904,2026-08-14 20:46:59.984020,2026-08-17 20:08:03.837519,5
SUR00729,INC01179,2026-07-07 04:55:00.772361,2026-07-09 12:36:23.961951,3
SUR00730,INC00511,2026-08-06 00:06:22.769195,2026-08-07 11:54:39.972837,5
SUR00731,INC00770,2026-06-15 22:11:27.608311,2026-06-16 20:36:22.760515,5
SUR00732,INC00123,2026-08-28 11:41:31.440343,2026-08-30 23:37:21.484611,5
SUR00733,INC00689,2026-08-03 08:32:55.959034,2026-08-05 07:54:06.702306,4
SUR00734,INC00379,2026-08-06 07:37:26.079723,2026-08-09 03:25:05.535731,5
SUR00735,INC00039,2026-03-19 10:52:48.824371,2026-03-21 18:04:42.879583,4
SUR00736,INC01055,2026-04-26 10:08:03.404331,2026-04-27 17:59:53.568099,4
SUR00737,INC00775,2026-03-11 20:45:34.278346,2026-03-15 15:57:13.457247,5
SUR00738,INC00930,2026-03-08 12:34:16.100827,2026-03-10 00:23:05.325731,5
SUR00739,INC00163,2026-08-03 14:30:56.119557,2026-08-06 08:09:55.747924,5
SUR00740,INC00068,2026-07-24 09:31:55.719679,2026-07-28 05:08:04.050358,5
SUR00741,INC00125,2026-04-14 01:55:02.155598,2026-04-14 08:14:56.418987,4
SUR00742,INC00552,2026-07-13 04:31:37.772679,2026-07-15 11:56:54.360230,5
SUR00743,INC00005,2026-08-24 18:36:29.818285,2026-08-26 16:55:20.010010,5
SUR00744,INC01060,2026-04-29 10:14:39.876812,2026-05-03 05:06:51.018721,4
SUR00745,INC00972,2026-04-03 03:49:12.287093,2026-04-04 06:03:11.356080,4
SUR00746,INC00991,2026-04-21 20:24:56.411899,2026-04-24 17:29:44.703733,5
SUR00747,INC00612,2026-06-07 15:27:33.976002,2026-06-10 12:35:55.959045,4
SUR00748,INC00288,2026-06-09 12:25:13.430000,2026-06-10 06:26:11.241470,4
SUR00749,INC00428,2026-08-22 20:34:01.605066,2026-08-23 11:27:05.746563,5
SUR00750,INC00609,2026-07-10 14:29:46.429651,2026-07-12 01:18:57.075658,3
SUR00751,INC00874,2026-03-05 07:52:10.566624,2026-03-09 01:59:10.934642,5
SUR00752,INC00776,2026-07-07 04:13:18.228783,2026-07-07 14:56:59.425350,4
SUR00753,INC00788,2026-07-18 02:27:53.537325,2026-07-21 08:58:17.413999,2
SUR00754,INC00507,2026-05-05 15:36:22.163617,2026-05-07 19:50:02.054029,4
SUR00755,INC00357,2026-08-05 15:15:25.421628,2026-08-09 06:58:57.108523,4
SUR00756,INC00400,2026-04-27 07:40:34.751046,2026-04-29 11:47:17.382066,4
SUR00757,INC00900,2026-04-10 11:11:41.101072,2026-04-11 15:13:35.076308,3
SUR00758,INC00353,2026-08-09 21:26:55.430351,2026-08-11 06:41:37.947663,4
SUR00759,INC01109,2026-03-23 05:11:01.499164,2026-03-25 17:25:55.423479,4
SUR00760,INC00945,2026-03-16 18:55:51.908279,2026-03-19 01:44:50.852490,5
SUR00761,INC00699,2026-05-29 10:54:19.870426,2026-06-01 01:50:02.721331,4
SUR00762,INC01186,2026-05-13 06:37:31.160301,2026-05-14 14:27:51.001433,4
SUR00763,INC00668,2026-03-13 06:58:01.189197,2026-03-16 14:42:20.841935,5
SUR00764,INC00261,2026-04-22 22:35:20.334434,2026-04-24 10:53:20.088581,4
SUR00765,INC00334,2026-08-10 05:45:56.440600,2026-08-10 17:54:25.874875,3
SUR00766,INC00154,2026-03-14 18:08:28.838834,2026-03-17 09:55:19.558443,5
SUR00767,INC00397,2026-08-02 08:32:23.797202,2026-08-03 06:32:52.274810,4
SUR00768,INC00502,2026-05-03 21:29:08.734481,2026-05-07 09:56:09.649081,4
SUR00769,INC01130,2026-03-29 18:43:29.021746,2026-03-31 22:37:15.228056,4
SUR00770,INC00722,2026-04-05 09:35:45.188454,2026-04-06 07:09:55.110298,5
SUR00771,INC00374,2026-08-19 19:55:45.849122,2026-08-22 09:41:35.315602,4
SUR00772,INC00591,2026-07-20 05:18:29.919287,2026-07-23 15:23:17.973515,4
SUR00773,INC00313,2026-08-13 09:26:22.858396,2026-08-14 14:48:37.710221,5
SUR00774,INC00599,2026-08-17 18:58:25.961808,2026-08-18 12:33:30.838085,4
SUR00775,INC00043,2026-07-08 04:17:01.125702,2026-07-11 18:55:19.490679,5
SUR00776,INC00646,2026-04-14 21:14:36.140367,2026-04-17 14:25:35.437283,4
SUR00777,INC00029,2026-08-19 02:59:49.983605,2026-08-20 13:51:14.257439,4
SUR00778,INC00523,2026-06-25 01:47:31.843686,2026-06-26 19:05:52.974752,2
SUR00779,INC01140,2026-03-30 15:22:06.818613,2026-03-31 22:46:10.428027,5
SUR00780,INC00763,2026-06-18 05:16:16.377500,2026-06-19 14:04:04.342698,5
